month,report_time_utc,revision,unit_union_lines_covered,all_tests_lines_total,unit_union_coverage_pct,all_tests_root_coverage_pct,all_tests_root_lines_covered,gtest_root_coverage_pct,gtest_root_lines_covered,gtest_root_lines_total,cppunittest_root_coverage_pct,cppunittest_root_lines_covered,cppunittest_root_lines_total,xpcshell_root_coverage_pct,xpcshell_root_lines_covered,xpcshell_root_lines_total,all_object,gtest_object,cppunittest_object,xpcshell_object,candidate_rank,candidate_score,analysis_quality_ok,quality_note
2019-09,2019-09-11T12:23:17.873000+00:00,70e7c3ef6cae2266147c38ad250692ffe84aec26,1125955,3537165,31.832131099340856,62.83,2222343,16.09,476357,2961366,5.23,143315,2741618,29.29,920290,3141577,mozilla-central/70e7c3ef6cae2266147c38ad250692ffe84aec26/all:all.json.zstd,mozilla-central/70e7c3ef6cae2266147c38ad250692ffe84aec26/all:gtest.json.zstd,mozilla-central/70e7c3ef6cae2266147c38ad250692ffe84aec26/all:cppunittest.json.zstd,mozilla-central/70e7c3ef6cae2266147c38ad250692ffe84aec26/all:xpcshell.json.zstd,1,0.15715705234570349,True,
2019-10,2019-10-14T19:46:36.680000+00:00,585fe45563356a10a9d53cddfeda2bd699e46dd5,1147704,3557742,32.259337523631565,64.33,2288819,16.43,476281,2899074,5.66,151489,2675484,30.32,941008,3103382,mozilla-central/585fe45563356a10a9d53cddfeda2bd699e46dd5/all:all.json.zstd,mozilla-central/585fe45563356a10a9d53cddfeda2bd699e46dd5/all:gtest.json.zstd,mozilla-central/585fe45563356a10a9d53cddfeda2bd699e46dd5/all:cppunittest.json.zstd,mozilla-central/585fe45563356a10a9d53cddfeda2bd699e46dd5/all:xpcshell.json.zstd,1,0.049234266036232106,True,
2019-11,2019-11-27T06:45:48.363000+00:00,bcbb45f7d4f1b22fc74d2ee96b92c6f2233495aa,1141197,3571556,31.95237593922649,63.5,2267833,16.17,475225,2939040,5.54,150516,2718274,29.73,934439,3143444,mozilla-central/bcbb45f7d4f1b22fc74d2ee96b92c6f2233495aa/all:all.json.zstd,mozilla-central/bcbb45f7d4f1b22fc74d2ee96b92c6f2233495aa/all:gtest.json.zstd,mozilla-central/bcbb45f7d4f1b22fc74d2ee96b92c6f2233495aa/all:cppunittest.json.zstd,mozilla-central/bcbb45f7d4f1b22fc74d2ee96b92c6f2233495aa/all:xpcshell.json.zstd,1,0.26829615313419575,True,
2019-12,2019-12-14T18:09:34.928000+00:00,0c3bc698f640e1c8208f369255d3a9f7390b76ee,1144629,3561282,32.140925655424084,64.01,2279552,16.38,478654,2921988,5.6,151187,2700894,29.95,936954,3127878,mozilla-central/0c3bc698f640e1c8208f369255d3a9f7390b76ee/all:all.json.zstd,mozilla-central/0c3bc698f640e1c8208f369255d3a9f7390b76ee/all:gtest.json.zstd,mozilla-central/0c3bc698f640e1c8208f369255d3a9f7390b76ee/all:cppunittest.json.zstd,mozilla-central/0c3bc698f640e1c8208f369255d3a9f7390b76ee/all:xpcshell.json.zstd,1,0.09224450084768886,True,
2020-01,2020-01-18T09:21:24.012000+00:00,cb06fe24fb3e92278f1baf45b1332922f260bb1a,1100427,3468948,31.722210883530106,63.22,2193093,16.09,455769,2832659,4.8,135614,2824487,29.46,898133,3048626,mozilla-central/cb06fe24fb3e92278f1baf45b1332922f260bb1a/all:all.json.zstd,mozilla-central/cb06fe24fb3e92278f1baf45b1332922f260bb1a/all:gtest.json.zstd,mozilla-central/cb06fe24fb3e92278f1baf45b1332922f260bb1a/all:cppunittest.json.zstd,mozilla-central/cb06fe24fb3e92278f1baf45b1332922f260bb1a/all:xpcshell.json.zstd,1,0.35345211414641947,True,
2020-02,2020-02-01T16:08:26.919000+00:00,7b794b53736c781545273accf33ed5bd23d0abea,1129410,3613448,31.255742437693858,62.45,2256519,15.82,471031,2977315,4.68,138951,2969148,28.83,920824,3193636,mozilla-central/7b794b53736c781545273accf33ed5bd23d0abea/all:all.json.zstd,mozilla-central/7b794b53736c781545273accf33ed5bd23d0abea/all:gtest.json.zstd,mozilla-central/7b794b53736c781545273accf33ed5bd23d0abea/all:cppunittest.json.zstd,mozilla-central/7b794b53736c781545273accf33ed5bd23d0abea/all:xpcshell.json.zstd,1,0.27654932430555557,True,
2020-03,2020-03-13T13:24:33.941000+00:00,82d250cf8fabf9a76db02499407f8d11ce12f0f2,1126810,3527507,31.943522720153354,63.82,2251348,16.26,469971,2889758,4.82,138922,2881591,29.57,918704,3106504,mozilla-central/82d250cf8fabf9a76db02499407f8d11ce12f0f2/all:all.json.zstd,mozilla-central/82d250cf8fabf9a76db02499407f8d11ce12f0f2/all:gtest.json.zstd,mozilla-central/82d250cf8fabf9a76db02499407f8d11ce12f0f2/all:cppunittest.json.zstd,mozilla-central/82d250cf8fabf9a76db02499407f8d11ce12f0f2/all:xpcshell.json.zstd,1,0.5424482835049601,True,
2020-04,2020-04-18T12:30:00.702000+00:00,48cefa8cc0584b7184747c73654d1ed3ba778cf3,1231069,3852231,31.957299549274175,62.92,2423689,16.81,539911,3211778,4.87,156031,3202055,29.25,1003834,3431334,mozilla-central/48cefa8cc0584b7184747c73654d1ed3ba778cf3/all:all.json.zstd,mozilla-central/48cefa8cc0584b7184747c73654d1ed3ba778cf3/all:gtest.json.zstd,mozilla-central/48cefa8cc0584b7184747c73654d1ed3ba778cf3/all:cppunittest.json.zstd,mozilla-central/48cefa8cc0584b7184747c73654d1ed3ba778cf3/all:xpcshell.json.zstd,1,0.14745794574682658,True,
2020-05,2020-05-12T13:38:05.488000+00:00,56c09d42f411246e407fe30418c27e67a6a44d29,1253961,3869226,32.408574738203455,63.19,2444932,17.22,555878,3228917,4.87,156627,3219193,29.37,1013231,3450144,mozilla-central/56c09d42f411246e407fe30418c27e67a6a44d29/all:all.json.zstd,mozilla-central/56c09d42f411246e407fe30418c27e67a6a44d29/all:gtest.json.zstd,mozilla-central/56c09d42f411246e407fe30418c27e67a6a44d29/all:cppunittest.json.zstd,mozilla-central/56c09d42f411246e407fe30418c27e67a6a44d29/all:xpcshell.json.zstd,1,0.12023236777160068,True,
2020-06,2020-06-16T12:28:30.672000+00:00,f05a0084c5f20abf47fa332ab5ec5c953ba48eb1,1259610,3844800,32.76139200998752,64.25,2470429,17.35,555305,3200182,4.95,157983,3190458,29.78,1019653,3424453,mozilla-central/f05a0084c5f20abf47fa332ab5ec5c953ba48eb1/all:all.json.zstd,mozilla-central/f05a0084c5f20abf47fa332ab5ec5c953ba48eb1/all:gtest.json.zstd,mozilla-central/f05a0084c5f20abf47fa332ab5ec5c953ba48eb1/all:cppunittest.json.zstd,mozilla-central/f05a0084c5f20abf47fa332ab5ec5c953ba48eb1/all:xpcshell.json.zstd,1,0.08017228946997362,True,
2020-07,2020-07-16T11:10:15.903000+00:00,d4c6cd2e13bb057eb4d5f8c579f440936bf17241,1275762,3861539,33.03765674773711,63.99,2471072,17.27,554570,3212066,4.96,158948,3202478,29.85,1034534,3465341,mozilla-central/d4c6cd2e13bb057eb4d5f8c579f440936bf17241/all:all.json.zstd,mozilla-central/d4c6cd2e13bb057eb4d5f8c579f440936bf17241/all:gtest.json.zstd,mozilla-central/d4c6cd2e13bb057eb4d5f8c579f440936bf17241/all:cppunittest.json.zstd,mozilla-central/d4c6cd2e13bb057eb4d5f8c579f440936bf17241/all:xpcshell.json.zstd,1,0.1104982035875121,True,
2020-08,2020-08-14T18:32:15.088000+00:00,605c404fbd80c67e1127ac054b8bec6742bd748f,1292555,3882367,33.29296277245299,63.9,2480720,17.3,558701,3228632,4.94,159167,3219049,30.15,1050242,3483006,mozilla-central/605c404fbd80c67e1127ac054b8bec6742bd748f/all:all.json.zstd,mozilla-central/605c404fbd80c67e1127ac054b8bec6742bd748f/all:gtest.json.zstd,mozilla-central/605c404fbd80c67e1127ac054b8bec6742bd748f/all:cppunittest.json.zstd,mozilla-central/605c404fbd80c67e1127ac054b8bec6742bd748f/all:xpcshell.json.zstd,1,0.11117778278500623,True,
2020-09,2020-09-15T08:29:36.214000+00:00,8c8f6d93ade332edc31bba40a8bddb6aab1ef963,1311500,3979774,32.95413257134702,63.39,2522942,17.37,565133,3253779,4.96,161037,3244170,30.48,1068665,3506669,mozilla-central/8c8f6d93ade332edc31bba40a8bddb6aab1ef963/all:all.json.zstd,mozilla-central/8c8f6d93ade332edc31bba40a8bddb6aab1ef963/all:gtest.json.zstd,mozilla-central/8c8f6d93ade332edc31bba40a8bddb6aab1ef963/all:cppunittest.json.zstd,mozilla-central/8c8f6d93ade332edc31bba40a8bddb6aab1ef963/all:xpcshell.json.zstd,1,0.23416425689478265,True,
2020-10,2020-10-15T17:53:04.940000+00:00,a6aaf0c8e183f7eff7a668f9b4c6c52c39958c9b,1311584,3908155,33.560183769579254,64.47,2519472,17.57,568739,3236499,4.82,155419,3226337,30.33,1061971,3501078,mozilla-central/a6aaf0c8e183f7eff7a668f9b4c6c52c39958c9b/all:all.json.zstd,mozilla-central/a6aaf0c8e183f7eff7a668f9b4c6c52c39958c9b/all:gtest.json.zstd,mozilla-central/a6aaf0c8e183f7eff7a668f9b4c6c52c39958c9b/all:cppunittest.json.zstd,mozilla-central/a6aaf0c8e183f7eff7a668f9b4c6c52c39958c9b/all:xpcshell.json.zstd,1,0.16953008415454424,True,
2020-11,2020-11-20T13:48:56.623000+00:00,cadd17ae918b22f2b2d3db0d78137ebbb7544f64,1325197,3913927,33.85850068230705,64.89,2539746,17.61,571022,3242018,4.82,155840,3231844,30.68,1074843,3503119,mozilla-central/cadd17ae918b22f2b2d3db0d78137ebbb7544f64/all:all.json.zstd,mozilla-central/cadd17ae918b22f2b2d3db0d78137ebbb7544f64/all:gtest.json.zstd,mozilla-central/cadd17ae918b22f2b2d3db0d78137ebbb7544f64/all:cppunittest.json.zstd,mozilla-central/cadd17ae918b22f2b2d3db0d78137ebbb7544f64/all:xpcshell.json.zstd,1,0.39723677309012856,True,
2020-12,2020-12-15T01:28:07.992000+00:00,de82276dbe0fc291c5d9526a7dbc1b736010873a,1320148,3880829,34.01716488925433,64.36,2497808,17.75,569164,3205964,4.83,154276,3196045,30.78,1067393,3467809,mozilla-central/de82276dbe0fc291c5d9526a7dbc1b736010873a/all:all.json.zstd,mozilla-central/de82276dbe0fc291c5d9526a7dbc1b736010873a/all:gtest.json.zstd,mozilla-central/de82276dbe0fc291c5d9526a7dbc1b736010873a/all:cppunittest.json.zstd,mozilla-central/de82276dbe0fc291c5d9526a7dbc1b736010873a/all:xpcshell.json.zstd,1,0.16274777071794375,True,
2021-01,2021-01-16T05:36:07.554000+00:00,0695ec653f99879731861e8760894f83c192a229,1321901,3904775,33.85344866221485,64.23,2507885,17.66,570623,3231454,4.8,154638,3221542,30.59,1067769,3490197,mozilla-central/0695ec653f99879731861e8760894f83c192a229/all:all.json.zstd,mozilla-central/0695ec653f99879731861e8760894f83c192a229/all:gtest.json.zstd,mozilla-central/0695ec653f99879731861e8760894f83c192a229/all:cppunittest.json.zstd,mozilla-central/0695ec653f99879731861e8760894f83c192a229/all:xpcshell.json.zstd,1,0.10344714359936351,True,
2021-02,2021-02-12T14:53:48.743000+00:00,160b47b7163e1a80ac366e0ef9fc10b631c35c03,1339947,3946629,33.951683829414925,64.27,2536677,17.89,584758,3268576,4.73,154205,3258673,30.56,1077950,3527600,mozilla-central/160b47b7163e1a80ac366e0ef9fc10b631c35c03/all:all.json.zstd,mozilla-central/160b47b7163e1a80ac366e0ef9fc10b631c35c03/all:gtest.json.zstd,mozilla-central/160b47b7163e1a80ac366e0ef9fc10b631c35c03/all:cppunittest.json.zstd,mozilla-central/160b47b7163e1a80ac366e0ef9fc10b631c35c03/all:xpcshell.json.zstd,1,0.11624174893806408,True,
2021-03,2021-03-16T19:19:31.495000+00:00,f2134bdaf09c9e5939c787a9bd2d1475e82674a5,1357805,3939566,34.4658523299267,64.53,2542383,18.07,589004,3258992,4.76,154555,3249093,31.09,1094008,3519009,mozilla-central/f2134bdaf09c9e5939c787a9bd2d1475e82674a5/all:all.json.zstd,mozilla-central/f2134bdaf09c9e5939c787a9bd2d1475e82674a5/all:gtest.json.zstd,mozilla-central/f2134bdaf09c9e5939c787a9bd2d1475e82674a5/all:cppunittest.json.zstd,mozilla-central/f2134bdaf09c9e5939c787a9bd2d1475e82674a5/all:xpcshell.json.zstd,1,0.09741412165640914,True,
2021-04,2021-04-15T00:24:26.314000+00:00,e105fb5fb5cfef90d80a69e121f971a08df83e64,1367652,3935865,34.748447926948714,64.81,2550844,18.26,592017,3242761,4.8,155221,3232849,31.39,1101017,3507228,mozilla-central/e105fb5fb5cfef90d80a69e121f971a08df83e64/all:all.json.zstd,mozilla-central/e105fb5fb5cfef90d80a69e121f971a08df83e64/all:gtest.json.zstd,mozilla-central/e105fb5fb5cfef90d80a69e121f971a08df83e64/all:cppunittest.json.zstd,mozilla-central/e105fb5fb5cfef90d80a69e121f971a08df83e64/all:xpcshell.json.zstd,1,0.06367059672704668,True,
2021-05,2021-05-14T21:15:43.679000+00:00,01f5d81f0afe7c1958a225d981bac39f52ae93fe,1382420,3949537,35.00207745869959,64.62,2552168,18.43,599299,3252444,4.74,153776,3242487,31.32,1109208,3542033,mozilla-central/01f5d81f0afe7c1958a225d981bac39f52ae93fe/all:all.json.zstd,mozilla-central/01f5d81f0afe7c1958a225d981bac39f52ae93fe/all:gtest.json.zstd,mozilla-central/01f5d81f0afe7c1958a225d981bac39f52ae93fe/all:cppunittest.json.zstd,mozilla-central/01f5d81f0afe7c1958a225d981bac39f52ae93fe/all:xpcshell.json.zstd,1,0.1541861332825678,True,
2021-06,2021-06-17T09:34:20.113000+00:00,b7d44f6d500311bc4f0f889dbd924f790368ca5b,1400040,3975196,35.21939547131764,64.72,2572731,18.49,606075,3277384,4.76,155589,3267411,31.44,1121480,3567165,mozilla-central/b7d44f6d500311bc4f0f889dbd924f790368ca5b/all:all.json.zstd,mozilla-central/b7d44f6d500311bc4f0f889dbd924f790368ca5b/all:gtest.json.zstd,mozilla-central/b7d44f6d500311bc4f0f889dbd924f790368ca5b/all:cppunittest.json.zstd,mozilla-central/b7d44f6d500311bc4f0f889dbd924f790368ca5b/all:xpcshell.json.zstd,1,0.09627077606644603,True,
2021-07,2021-07-15T04:03:19.773000+00:00,7ec7dd0cc7acbd0941e8b97e126a62faaffbc20e,1439249,4017308,35.82620501091776,65.36,2625523,18.68,619567,3316088,4.71,155653,3303735,32.05,1157816,3612980,mozilla-central/7ec7dd0cc7acbd0941e8b97e126a62faaffbc20e/all:all.json.zstd,mozilla-central/7ec7dd0cc7acbd0941e8b97e126a62faaffbc20e/all:gtest.json.zstd,mozilla-central/7ec7dd0cc7acbd0941e8b97e126a62faaffbc20e/all:cppunittest.json.zstd,mozilla-central/7ec7dd0cc7acbd0941e8b97e126a62faaffbc20e/all:xpcshell.json.zstd,1,0.08165102175323626,True,
2021-08,2021-08-15T16:19:14.820000+00:00,5dedfa40a55fc4c3265fd036f5c9d89b5164db41,1427796,4026389,35.460955213219584,64.85,2611188,18.64,619405,3323069,4.69,155440,3311113,31.58,1143217,3620443,mozilla-central/5dedfa40a55fc4c3265fd036f5c9d89b5164db41/all:all.json.zstd,mozilla-central/5dedfa40a55fc4c3265fd036f5c9d89b5164db41/all:gtest.json.zstd,mozilla-central/5dedfa40a55fc4c3265fd036f5c9d89b5164db41/all:cppunittest.json.zstd,mozilla-central/5dedfa40a55fc4c3265fd036f5c9d89b5164db41/all:xpcshell.json.zstd,1,0.07018007142465933,True,
2021-09,2021-09-17T09:03:16.813000+00:00,149a7c7573f2ef4a0a198c649a78fa177a54dc51,1430928,4009976,35.684203596231,64.85,2600382,18.43,609041,3303788,4.78,157375,3293326,31.64,1140174,3603297,mozilla-central/149a7c7573f2ef4a0a198c649a78fa177a54dc51/all:all.json.zstd,mozilla-central/149a7c7573f2ef4a0a198c649a78fa177a54dc51/all:gtest.json.zstd,mozilla-central/149a7c7573f2ef4a0a198c649a78fa177a54dc51/all:cppunittest.json.zstd,mozilla-central/149a7c7573f2ef4a0a198c649a78fa177a54dc51/all:xpcshell.json.zstd,1,0.12161202516779149,True,
2021-10,2021-10-17T08:41:06.844000+00:00,e361209af61f51a3fa1dbf9ea8a2d276e22cc5bf,1376413,4028586,34.16615656212875,64.59,2601920,18.59,613869,3302944,4.76,156663,3292488,32.08,1064060,3317281,mozilla-central/e361209af61f51a3fa1dbf9ea8a2d276e22cc5bf/all:all.json.zstd,mozilla-central/e361209af61f51a3fa1dbf9ea8a2d276e22cc5bf/all:gtest.json.zstd,mozilla-central/e361209af61f51a3fa1dbf9ea8a2d276e22cc5bf/all:cppunittest.json.zstd,mozilla-central/e361209af61f51a3fa1dbf9ea8a2d276e22cc5bf/all:xpcshell.json.zstd,1,0.1263840384344075,True,
2021-11,2021-11-15T08:50:47.436000+00:00,b16763f1da6bcf31f964744c765c4af480ae551c,1414064,4316950,32.75608936865148,59.8,2581650,18.21,603212,3312708,4.67,154358,3302202,31.06,1122698,3614132,mozilla-central/b16763f1da6bcf31f964744c765c4af480ae551c/all:all.json.zstd,mozilla-central/b16763f1da6bcf31f964744c765c4af480ae551c/all:gtest.json.zstd,mozilla-central/b16763f1da6bcf31f964744c765c4af480ae551c/all:cppunittest.json.zstd,mozilla-central/b16763f1da6bcf31f964744c765c4af480ae551c/all:xpcshell.json.zstd,1,0.024874891168106,True,
2021-12,2021-12-15T05:46:25.613000+00:00,06c7b4e2d14be1ee8050d6c1eb1ab1bab19ac3c2,1490156,4329826,34.41607122318541,62.57,2709325,17.81,641798,3603428,4.39,157907,3592955,30.36,1185113,3903487,mozilla-central/06c7b4e2d14be1ee8050d6c1eb1ab1bab19ac3c2/all:all.json.zstd,mozilla-central/06c7b4e2d14be1ee8050d6c1eb1ab1bab19ac3c2/all:gtest.json.zstd,mozilla-central/06c7b4e2d14be1ee8050d6c1eb1ab1bab19ac3c2/all:cppunittest.json.zstd,mozilla-central/06c7b4e2d14be1ee8050d6c1eb1ab1bab19ac3c2/all:xpcshell.json.zstd,1,0.06503119503549339,True,
2022-01,2022-01-15T17:46:21.936000+00:00,60998033086a179f73edd702599f93ab75ff443e,1500161,4350890,34.47940536304066,62.48,2718368,17.77,643845,3622806,4.39,158410,3611933,30.4,1193367,3925377,mozilla-central/60998033086a179f73edd702599f93ab75ff443e/all:all.json.zstd,mozilla-central/60998033086a179f73edd702599f93ab75ff443e/all:gtest.json.zstd,mozilla-central/60998033086a179f73edd702599f93ab75ff443e/all:cppunittest.json.zstd,mozilla-central/60998033086a179f73edd702599f93ab75ff443e/all:xpcshell.json.zstd,1,0.09209167742967674,True,
2022-02,2022-02-17T06:04:18.551000+00:00,d0676cb0864b870062fed21bc900d6fbb3cf5670,1507027,4365942,34.51779707563683,62.52,2729559,17.79,647688,3639932,4.31,156264,3628982,30.41,1198090,3939587,mozilla-central/d0676cb0864b870062fed21bc900d6fbb3cf5670/all:all.json.zstd,mozilla-central/d0676cb0864b870062fed21bc900d6fbb3cf5670/all:gtest.json.zstd,mozilla-central/d0676cb0864b870062fed21bc900d6fbb3cf5670/all:cppunittest.json.zstd,mozilla-central/d0676cb0864b870062fed21bc900d6fbb3cf5670/all:xpcshell.json.zstd,1,0.053159940502151136,True,
2022-03,2022-03-14T14:51:31.788000+00:00,7e01ab125e4caeeeb7bdb0a58471f502063b1e19,1521694,4401260,34.57405379368635,62.71,2759815,17.74,651526,3671856,4.28,156575,3660905,30.51,1211938,3972731,mozilla-central/7e01ab125e4caeeeb7bdb0a58471f502063b1e19/all:all.json.zstd,mozilla-central/7e01ab125e4caeeeb7bdb0a58471f502063b1e19/all:gtest.json.zstd,mozilla-central/7e01ab125e4caeeeb7bdb0a58471f502063b1e19/all:cppunittest.json.zstd,mozilla-central/7e01ab125e4caeeeb7bdb0a58471f502063b1e19/all:xpcshell.json.zstd,1,0.04449778631301514,True,
2022-04,2022-04-20T03:54:19.209000+00:00,ba973417adb8c738b0ab57328fd28133c77bcf5b,1501805,4417775,33.99460135475437,62.62,2766198,17.8,656048,3685218,0.86,31651,3674223,30.14,1201068,3984814,mozilla-central/ba973417adb8c738b0ab57328fd28133c77bcf5b/all:all.json.zstd,mozilla-central/ba973417adb8c738b0ab57328fd28133c77bcf5b/all:gtest.json.zstd,mozilla-central/ba973417adb8c738b0ab57328fd28133c77bcf5b/all:cppunittest.json.zstd,mozilla-central/ba973417adb8c738b0ab57328fd28133c77bcf5b/all:xpcshell.json.zstd,1,0.5294345030302071,True,
2022-05,2022-05-13T22:05:03.601000+00:00,a47e970555ccc1ecc6c7d8057ce171544080ca4b,1513985,4425785,34.20828169465982,62.7,2774965,17.79,657274,3693627,0.86,31647,3684464,30.31,1211955,3998645,mozilla-central/a47e970555ccc1ecc6c7d8057ce171544080ca4b/all:all.json.zstd,mozilla-central/a47e970555ccc1ecc6c7d8057ce171544080ca4b/all:gtest.json.zstd,mozilla-central/a47e970555ccc1ecc6c7d8057ce171544080ca4b/all:cppunittest.json.zstd,mozilla-central/a47e970555ccc1ecc6c7d8057ce171544080ca4b/all:xpcshell.json.zstd,1,0.048784334708729865,True,
2022-06,2022-06-15T10:51:44.419000+00:00,466d30a90a012ce9d5a620c6d61b9176be8d8641,1523056,4425621,34.41451493474023,62.85,2781609,17.88,659588,3688693,0.86,31648,3679338,30.62,1222651,3993041,mozilla-central/466d30a90a012ce9d5a620c6d61b9176be8d8641/all:all.json.zstd,mozilla-central/466d30a90a012ce9d5a620c6d61b9176be8d8641/all:gtest.json.zstd,mozilla-central/466d30a90a012ce9d5a620c6d61b9176be8d8641/all:cppunittest.json.zstd,mozilla-central/466d30a90a012ce9d5a620c6d61b9176be8d8641/all:xpcshell.json.zstd,1,0.06930781289533798,True,
2022-07,2022-07-15T10:46:13.883000+00:00,e5753b90aac1335437c0779c6c6f28566d63502e,1523207,4441685,34.29344944542443,62.76,2787421,17.9,662922,3703388,0.87,32098,3694109,30.53,1222650,4005118,mozilla-central/e5753b90aac1335437c0779c6c6f28566d63502e/all:all.json.zstd,mozilla-central/e5753b90aac1335437c0779c6c6f28566d63502e/all:gtest.json.zstd,mozilla-central/e5753b90aac1335437c0779c6c6f28566d63502e/all:cppunittest.json.zstd,mozilla-central/e5753b90aac1335437c0779c6c6f28566d63502e/all:xpcshell.json.zstd,1,0.05804587796799092,True,
2022-08,2022-08-15T17:31:08.320000+00:00,dd1d7c05b99468938df303f771b87af8f56be301,1490441,4203018,35.4612090645341,65.33,2745713,18.81,651385,3463171,0.94,32461,3453942,31.59,1190966,3769823,mozilla-central/dd1d7c05b99468938df303f771b87af8f56be301/all:all.json.zstd,mozilla-central/dd1d7c05b99468938df303f771b87af8f56be301/all:gtest.json.zstd,mozilla-central/dd1d7c05b99468938df303f771b87af8f56be301/all:cppunittest.json.zstd,mozilla-central/dd1d7c05b99468938df303f771b87af8f56be301/all:xpcshell.json.zstd,1,0.17994898491657402,True,
2022-09,2022-09-14T21:50:19.863000+00:00,e2ce8d3d4a4b01bf3ec52fb795c5f8c392c1476b,1498940,4221422,35.50794021540609,64.97,2742846,18.93,658781,3480010,0.94,32768,3470780,31.65,1198799,3787187,mozilla-central/e2ce8d3d4a4b01bf3ec52fb795c5f8c392c1476b/all:all.json.zstd,mozilla-central/e2ce8d3d4a4b01bf3ec52fb795c5f8c392c1476b/all:gtest.json.zstd,mozilla-central/e2ce8d3d4a4b01bf3ec52fb795c5f8c392c1476b/all:cppunittest.json.zstd,mozilla-central/e2ce8d3d4a4b01bf3ec52fb795c5f8c392c1476b/all:xpcshell.json.zstd,1,0.037890011579299054,True,
2022-10,2022-10-11T16:28:41.521000+00:00,5cbd3d92a78c54b324b6009a25d196adaa8a669b,1497164,4219210,35.484462731174794,64.77,2732646,18.93,659900,3485200,0.94,32843,3476006,31.53,1195990,3793391,mozilla-central/5cbd3d92a78c54b324b6009a25d196adaa8a669b/all:all.json.zstd,mozilla-central/5cbd3d92a78c54b324b6009a25d196adaa8a669b/all:gtest.json.zstd,mozilla-central/5cbd3d92a78c54b324b6009a25d196adaa8a669b/all:cppunittest.json.zstd,mozilla-central/5cbd3d92a78c54b324b6009a25d196adaa8a669b/all:xpcshell.json.zstd,1,0.10952687422032946,True,
2022-11,2022-11-15T14:27:54.901000+00:00,1adc82d1eb960a8a6aac68b9abceaac3fd491abb,1498685,4216803,35.54078765358496,64.86,2735070,18.97,660221,3480570,0.95,32828,3471396,31.6,1196112,3785493,mozilla-central/1adc82d1eb960a8a6aac68b9abceaac3fd491abb/all:all.json.zstd,mozilla-central/1adc82d1eb960a8a6aac68b9abceaac3fd491abb/all:gtest.json.zstd,mozilla-central/1adc82d1eb960a8a6aac68b9abceaac3fd491abb/all:cppunittest.json.zstd,mozilla-central/1adc82d1eb960a8a6aac68b9abceaac3fd491abb/all:xpcshell.json.zstd,1,0.03600545947970417,True,
2022-12,2022-12-09T23:55:39.561000+00:00,4af9c56eb6d839421d69f2962c3819dbcdd7cf21,1497238,4232222,35.377113960468044,64.91,2747057,18.99,662884,3490377,0.94,32825,3481153,31.49,1195064,3795187,mozilla-central/4af9c56eb6d839421d69f2962c3819dbcdd7cf21/all:all.json.zstd,mozilla-central/4af9c56eb6d839421d69f2962c3819dbcdd7cf21/all:gtest.json.zstd,mozilla-central/4af9c56eb6d839421d69f2962c3819dbcdd7cf21/all:cppunittest.json.zstd,mozilla-central/4af9c56eb6d839421d69f2962c3819dbcdd7cf21/all:xpcshell.json.zstd,1,0.12542443924076663,True,
2023-01,2023-01-14T03:25:08.749000+00:00,963d01420434d6362dd68e79aa36aaf2219b33c7,1500644,4241542,35.37968031437623,65.31,2770344,19.11,669367,3501969,0.95,33311,3492658,31.41,1195536,3806174,mozilla-central/963d01420434d6362dd68e79aa36aaf2219b33c7/all:all.json.zstd,mozilla-central/963d01420434d6362dd68e79aa36aaf2219b33c7/all:gtest.json.zstd,mozilla-central/963d01420434d6362dd68e79aa36aaf2219b33c7/all:cppunittest.json.zstd,mozilla-central/963d01420434d6362dd68e79aa36aaf2219b33c7/all:xpcshell.json.zstd,1,0.04512087714795689,True,
2023-02,2023-02-14T19:08:47.213000+00:00,36b67e826e2dfa1eedbc9567f9bb3be61c431a7e,1480509,4257689,34.772596119632034,65.19,2775696,18.96,667077,3517713,0.95,33492,3508123,30.87,1176782,3811927,mozilla-central/36b67e826e2dfa1eedbc9567f9bb3be61c431a7e/all:all.json.zstd,mozilla-central/36b67e826e2dfa1eedbc9567f9bb3be61c431a7e/all:gtest.json.zstd,mozilla-central/36b67e826e2dfa1eedbc9567f9bb3be61c431a7e/all:cppunittest.json.zstd,mozilla-central/36b67e826e2dfa1eedbc9567f9bb3be61c431a7e/all:xpcshell.json.zstd,1,0.04626454709718292,True,
2023-03,2023-03-15T15:36:29.793000+00:00,1b23793f3953df4f0340a6da671e4f97082f824a,1505695,4269856,35.26336719552135,65.27,2787058,19.0,669263,3522422,0.95,33535,3512879,31.49,1202152,3817887,mozilla-central/1b23793f3953df4f0340a6da671e4f97082f824a/all:all.json.zstd,mozilla-central/1b23793f3953df4f0340a6da671e4f97082f824a/all:gtest.json.zstd,mozilla-central/1b23793f3953df4f0340a6da671e4f97082f824a/all:cppunittest.json.zstd,mozilla-central/1b23793f3953df4f0340a6da671e4f97082f824a/all:xpcshell.json.zstd,1,0.039863065588888,True,
2023-04,2023-04-16T13:49:25.884000+00:00,1e648bd9608aa1a18387d381a728b512237a1efe,1501637,4277646,35.10428399170946,65.3,2793375,18.97,669051,3527435,0.94,33183,3517755,31.27,1197440,3828978,mozilla-central/1e648bd9608aa1a18387d381a728b512237a1efe/all:all.json.zstd,mozilla-central/1e648bd9608aa1a18387d381a728b512237a1efe/all:gtest.json.zstd,mozilla-central/1e648bd9608aa1a18387d381a728b512237a1efe/all:cppunittest.json.zstd,mozilla-central/1e648bd9608aa1a18387d381a728b512237a1efe/all:xpcshell.json.zstd,1,0.07089691862770699,True,
2023-05,2023-05-16T11:24:23.667000+00:00,6854d5a61f68124288044381b0a94207c541e80a,1499005,4294499,34.905235744611886,64.95,2789114,18.23,645728,3542687,0.94,33228,3532994,31.38,1205109,3840156,mozilla-central/6854d5a61f68124288044381b0a94207c541e80a/all:all.json.zstd,mozilla-central/6854d5a61f68124288044381b0a94207c541e80a/all:gtest.json.zstd,mozilla-central/6854d5a61f68124288044381b0a94207c541e80a/all:cppunittest.json.zstd,mozilla-central/6854d5a61f68124288044381b0a94207c541e80a/all:xpcshell.json.zstd,1,0.03172250183158437,True,
2023-06,2023-06-17T06:09:33.425000+00:00,c5ccbac639929af650a1c338a7652ef76a7e1ee3,1499471,4289387,34.95769908380848,65.09,2791808,18.31,647574,3536243,0.95,33675,3526568,31.48,1205325,3828768,mozilla-central/c5ccbac639929af650a1c338a7652ef76a7e1ee3/all:all.json.zstd,mozilla-central/c5ccbac639929af650a1c338a7652ef76a7e1ee3/all:gtest.json.zstd,mozilla-central/c5ccbac639929af650a1c338a7652ef76a7e1ee3/all:cppunittest.json.zstd,mozilla-central/c5ccbac639929af650a1c338a7652ef76a7e1ee3/all:xpcshell.json.zstd,1,0.052574270447990464,True,
2023-07,2023-07-14T15:30:54.460000+00:00,196cda3a105202c8969a926a0637db0e0014c07d,1512073,4288674,35.257354604243645,65.28,2799799,19.1,674983,3534125,0.96,33705,3524481,31.48,1205904,3831095,mozilla-central/196cda3a105202c8969a926a0637db0e0014c07d/all:all.json.zstd,mozilla-central/196cda3a105202c8969a926a0637db0e0014c07d/all:gtest.json.zstd,mozilla-central/196cda3a105202c8969a926a0637db0e0014c07d/all:cppunittest.json.zstd,mozilla-central/196cda3a105202c8969a926a0637db0e0014c07d/all:xpcshell.json.zstd,1,0.05348741690894687,True,
2023-08,2023-08-15T09:37:13.288000+00:00,88ec6682eab1c5c36cb839c8db0156446559a1cb,1524331,4280614,35.610101728396906,65.71,2812874,19.11,676299,3539409,0.96,33806,3529826,31.8,1217287,3827469,mozilla-central/88ec6682eab1c5c36cb839c8db0156446559a1cb/all:all.json.zstd,mozilla-central/88ec6682eab1c5c36cb839c8db0156446559a1cb/all:gtest.json.zstd,mozilla-central/88ec6682eab1c5c36cb839c8db0156446559a1cb/all:cppunittest.json.zstd,mozilla-central/88ec6682eab1c5c36cb839c8db0156446559a1cb/all:xpcshell.json.zstd,1,0.046352127087510596,True,
2023-09,2023-09-16T03:29:51.421000+00:00,02f7c436b43f486a8aec92c449f2df1fedf9226a,1504175,4279555,35.14793010020902,65.6,2807386,19.11,678100,3547884,0.95,33788,3538301,31.29,1196712,3824227,mozilla-central/02f7c436b43f486a8aec92c449f2df1fedf9226a/all:all.json.zstd,mozilla-central/02f7c436b43f486a8aec92c449f2df1fedf9226a/all:gtest.json.zstd,mozilla-central/02f7c436b43f486a8aec92c449f2df1fedf9226a/all:cppunittest.json.zstd,mozilla-central/02f7c436b43f486a8aec92c449f2df1fedf9226a/all:xpcshell.json.zstd,1,0.020102325754282925,True,
2023-10,2023-10-15T03:14:24.066000+00:00,3f99c563251ec523301e9d46e6904989fc827306,1500654,4260804,35.21997256855748,65.59,2794568,19.15,675005,3525469,0.96,33698,3515836,31.28,1192720,3812769,mozilla-central/3f99c563251ec523301e9d46e6904989fc827306/all:all.json.zstd,mozilla-central/3f99c563251ec523301e9d46e6904989fc827306/all:gtest.json.zstd,mozilla-central/3f99c563251ec523301e9d46e6904989fc827306/all:cppunittest.json.zstd,mozilla-central/3f99c563251ec523301e9d46e6904989fc827306/all:xpcshell.json.zstd,1,0.052204321797992906,True,
2023-11,2023-11-15T10:21:48.321000+00:00,0083ca2f4709e599083520545d538d1ee1b8356d,1495399,4265660,35.05668524917598,65.55,2796098,18.37,648452,3529308,0.96,33649,3519642,31.34,1198633,3824965,mozilla-central/0083ca2f4709e599083520545d538d1ee1b8356d/all:all.json.zstd,mozilla-central/0083ca2f4709e599083520545d538d1ee1b8356d/all:gtest.json.zstd,mozilla-central/0083ca2f4709e599083520545d538d1ee1b8356d/all:cppunittest.json.zstd,mozilla-central/0083ca2f4709e599083520545d538d1ee1b8356d/all:xpcshell.json.zstd,1,0.047464481233708264,True,
2023-12,2023-12-17T01:35:31.137000+00:00,6d6d4867b0f48dce26d871d94c5f74f5a8ac6aaf,1514353,4276681,35.409538378008556,65.73,2811083,19.0,672585,3540201,0.92,32545,3530529,31.16,1194384,3833358,mozilla-central/6d6d4867b0f48dce26d871d94c5f74f5a8ac6aaf/all:all.json.zstd,mozilla-central/6d6d4867b0f48dce26d871d94c5f74f5a8ac6aaf/all:gtest.json.zstd,mozilla-central/6d6d4867b0f48dce26d871d94c5f74f5a8ac6aaf/all:cppunittest.json.zstd,mozilla-central/6d6d4867b0f48dce26d871d94c5f74f5a8ac6aaf/all:xpcshell.json.zstd,1,0.1692874107886733,True,
2024-01,2024-01-14T06:11:36.519000+00:00,23a77d3c25d74ed46ebb77f47fda83c7b6dcdb45,1524028,4354313,35.000423717817256,65.63,2857866,19.38,700830,3616581,0.9,32594,3606934,30.38,1187945,3910748,mozilla-central/23a77d3c25d74ed46ebb77f47fda83c7b6dcdb45/all:all.json.zstd,mozilla-central/23a77d3c25d74ed46ebb77f47fda83c7b6dcdb45/all:gtest.json.zstd,mozilla-central/23a77d3c25d74ed46ebb77f47fda83c7b6dcdb45/all:cppunittest.json.zstd,mozilla-central/23a77d3c25d74ed46ebb77f47fda83c7b6dcdb45/all:xpcshell.json.zstd,1,0.08607278274737105,True,
2024-02,2024-02-15T08:40:22.251000+00:00,981afc9a696a12b7e873eae165925138a2726efe,1505940,4420037,34.070755516299975,64.98,2872234,18.3,674015,3683802,0.89,32624,3674121,29.84,1185760,3973794,mozilla-central/981afc9a696a12b7e873eae165925138a2726efe/all:all.json.zstd,mozilla-central/981afc9a696a12b7e873eae165925138a2726efe/all:gtest.json.zstd,mozilla-central/981afc9a696a12b7e873eae165925138a2726efe/all:cppunittest.json.zstd,mozilla-central/981afc9a696a12b7e873eae165925138a2726efe/all:xpcshell.json.zstd,1,0.054527945998787374,True,
2024-03,2024-03-15T22:16:43.082000+00:00,4b69d32113781e4489234ce2c9cf8f5b5dcbce5a,1508766,4432360,34.039789186798906,65.0,2881042,18.34,677128,3692817,0.89,32617,3683476,29.77,1186048,3984073,mozilla-central/4b69d32113781e4489234ce2c9cf8f5b5dcbce5a/all:all.json.zstd,mozilla-central/4b69d32113781e4489234ce2c9cf8f5b5dcbce5a/all:gtest.json.zstd,mozilla-central/4b69d32113781e4489234ce2c9cf8f5b5dcbce5a/all:cppunittest.json.zstd,mozilla-central/4b69d32113781e4489234ce2c9cf8f5b5dcbce5a/all:xpcshell.json.zstd,1,0.047892038908965755,True,
2024-04,2024-04-15T01:38:19.533000+00:00,25a22c2f939167a119d912b3fe61312db879d576,1512775,4453668,33.966945897179585,64.74,2883303,20.5,760348,3709772,0.89,32876,3699541,29.57,1181228,3994264,mozilla-central/25a22c2f939167a119d912b3fe61312db879d576/all:all.json.zstd,mozilla-central/25a22c2f939167a119d912b3fe61312db879d576/all:gtest.json.zstd,mozilla-central/25a22c2f939167a119d912b3fe61312db879d576/all:cppunittest.json.zstd,mozilla-central/25a22c2f939167a119d912b3fe61312db879d576/all:xpcshell.json.zstd,1,0.07798534253176115,True,
2024-05,2024-05-11T14:42:00.539000+00:00,d2559b875116c39b9f40c8860f487916db812831,1521254,4499679,33.80805608577856,64.49,2901676,20.49,763193,3725100,0.89,32931,3714852,29.58,1187518,4014898,mozilla-central/d2559b875116c39b9f40c8860f487916db812831/all:all.json.zstd,mozilla-central/d2559b875116c39b9f40c8860f487916db812831/all:gtest.json.zstd,mozilla-central/d2559b875116c39b9f40c8860f487916db812831/all:cppunittest.json.zstd,mozilla-central/d2559b875116c39b9f40c8860f487916db812831/all:xpcshell.json.zstd,1,0.11061115694786018,True,
2024-06,2024-06-12T01:48:55.063000+00:00,0145baa9151f309dfdb4505d7f72f5244f0e569d,1517456,4504254,33.68939673473121,63.2,2846885,20.39,759477,3725008,0.89,32923,3714717,29.51,1183896,4011535,mozilla-central/0145baa9151f309dfdb4505d7f72f5244f0e569d/all:all.json.zstd,mozilla-central/0145baa9151f309dfdb4505d7f72f5244f0e569d/all:gtest.json.zstd,mozilla-central/0145baa9151f309dfdb4505d7f72f5244f0e569d/all:cppunittest.json.zstd,mozilla-central/0145baa9151f309dfdb4505d7f72f5244f0e569d/all:xpcshell.json.zstd,1,0.09451126655705988,True,
2024-07,2024-07-26T11:20:25.439000+00:00,d2cde533d9490a661d586893e9f539382073c8a7,1559501,4527455,34.44542242827372,63.67,2882707,21.34,797051,3735271,0.89,33062,3724636,30.07,1209640,4022614,mozilla-central/d2cde533d9490a661d586893e9f539382073c8a7/all:all.json.zstd,mozilla-central/d2cde533d9490a661d586893e9f539382073c8a7/all:gtest.json.zstd,mozilla-central/d2cde533d9490a661d586893e9f539382073c8a7/all:cppunittest.json.zstd,mozilla-central/d2cde533d9490a661d586893e9f539382073c8a7/all:xpcshell.json.zstd,1,0.2416972659956665,True,
2024-08,2024-08-16T04:46:44.961000+00:00,35292ed5ccd315545be61708ca54ef3a7b95feb1,1564796,4536038,34.496977318091254,63.89,2898238,21.34,798869,3743277,0.89,33063,3732479,30.03,1213867,4042786,mozilla-central/35292ed5ccd315545be61708ca54ef3a7b95feb1/all:all.json.zstd,mozilla-central/35292ed5ccd315545be61708ca54ef3a7b95feb1/all:gtest.json.zstd,mozilla-central/35292ed5ccd315545be61708ca54ef3a7b95feb1/all:cppunittest.json.zstd,mozilla-central/35292ed5ccd315545be61708ca54ef3a7b95feb1/all:xpcshell.json.zstd,1,0.050809950859544886,True,
2024-09,2024-09-14T19:34:23.606000+00:00,4e8c91ef58bf4407e05a3d6733d7b7203621e8b6,1470126,4297876,34.20587285440529,57.58,2474686,21.73,752252,3461264,0.8,27681,3450506,30.27,1133806,3745285,mozilla-central/4e8c91ef58bf4407e05a3d6733d7b7203621e8b6/all:all.json.zstd,mozilla-central/4e8c91ef58bf4407e05a3d6733d7b7203621e8b6/all:gtest.json.zstd,mozilla-central/4e8c91ef58bf4407e05a3d6733d7b7203621e8b6/all:cppunittest.json.zstd,mozilla-central/4e8c91ef58bf4407e05a3d6733d7b7203621e8b6/all:xpcshell.json.zstd,1,0.04192169384991165,True,
2025-07,2025-07-30T13:21:55.117000+00:00,4888c6dd04636d0a40e54a417917653ee4e32399,1620810,4764056,34.02164038374024,63.88,3043323,21.29,830897,3902010,0.88,34150,3889937,30.0,1261350,4204271,mozilla-central/4888c6dd04636d0a40e54a417917653ee4e32399/all:all.json.zstd,mozilla-central/4888c6dd04636d0a40e54a417917653ee4e32399/all:gtest.json.zstd,mozilla-central/4888c6dd04636d0a40e54a417917653ee4e32399/all:cppunittest.json.zstd,mozilla-central/4888c6dd04636d0a40e54a417917653ee4e32399/all:xpcshell.json.zstd,1,0.3866157296665321,True,
2025-08,2025-08-14T19:05:54.031000+00:00,0a5fc8db79ed7e73b2f6a17855cda9a6c842bdae,1633788,4801463,34.02687889087139,63.7,3058729,21.36,844975,3955702,0.86,34057,3943440,29.91,1266115,4233779,mozilla-central/0a5fc8db79ed7e73b2f6a17855cda9a6c842bdae/all:all.json.zstd,mozilla-central/0a5fc8db79ed7e73b2f6a17855cda9a6c842bdae/all:gtest.json.zstd,mozilla-central/0a5fc8db79ed7e73b2f6a17855cda9a6c842bdae/all:cppunittest.json.zstd,mozilla-central/0a5fc8db79ed7e73b2f6a17855cda9a6c842bdae/all:xpcshell.json.zstd,1,0.07703301049553515,True,
2025-09,2025-09-16T19:01:32.022000+00:00,75d829afb4b06a3a8b7e91ea15c8a0cf34665fb7,1626908,4866735,33.42914705649681,62.82,3057355,21.12,852822,4038032,0.85,34196,4025729,29.35,1265000,4309484,mozilla-central/75d829afb4b06a3a8b7e91ea15c8a0cf34665fb7/all:all.json.zstd,mozilla-central/75d829afb4b06a3a8b7e91ea15c8a0cf34665fb7/all:gtest.json.zstd,mozilla-central/75d829afb4b06a3a8b7e91ea15c8a0cf34665fb7/all:cppunittest.json.zstd,mozilla-central/75d829afb4b06a3a8b7e91ea15c8a0cf34665fb7/all:xpcshell.json.zstd,1,0.21708557736442208,True,
2025-10,2025-10-13T19:16:35.227000+00:00,045af2ff58cc0d0a0d31973093f866e876f61f28,1608667,4895712,32.858693485237694,62.55,3062225,19.79,802618,4054783,0.85,34203,4042564,29.27,1265808,4324051,mozilla-central/045af2ff58cc0d0a0d31973093f866e876f61f28/all:all.json.zstd,mozilla-central/045af2ff58cc0d0a0d31973093f866e876f61f28/all:gtest.json.zstd,mozilla-central/045af2ff58cc0d0a0d31973093f866e876f61f28/all:cppunittest.json.zstd,mozilla-central/045af2ff58cc0d0a0d31973093f866e876f61f28/all:xpcshell.json.zstd,1,0.05562544874357413,True,
2025-11,2025-11-25T12:58:06.469000+00:00,95ed8ab23f3939bca3437acb008a33f7c4743646,532686,1705447,31.234391921883237,69.97,1193265,24.07,212596,883271,0.9,7828,870962,40.32,464088,1150888,mozilla-central/95ed8ab23f3939bca3437acb008a33f7c4743646/all:all.json.zstd,mozilla-central/95ed8ab23f3939bca3437acb008a33f7c4743646/all:gtest.json.zstd,mozilla-central/95ed8ab23f3939bca3437acb008a33f7c4743646/all:cppunittest.json.zstd,mozilla-central/95ed8ab23f3939bca3437acb008a33f7c4743646/all:xpcshell.json.zstd,1,0.34927577113939307,True,
2025-12,2025-12-14T03:49:22.005000+00:00,8c39f0d3b6fe6d7c3b23f49999e354e132a16605,539774,1744327,30.94454193508442,69.23,1207617,23.98,211889,883605,0.9,7843,871278,40.62,471270,1160287,mozilla-central/8c39f0d3b6fe6d7c3b23f49999e354e132a16605/all:all.json.zstd,mozilla-central/8c39f0d3b6fe6d7c3b23f49999e354e132a16605/all:gtest.json.zstd,mozilla-central/8c39f0d3b6fe6d7c3b23f49999e354e132a16605/all:cppunittest.json.zstd,mozilla-central/8c39f0d3b6fe6d7c3b23f49999e354e132a16605/all:xpcshell.json.zstd,1,0.07810693892437866,True,
2026-01,2026-01-15T16:47:33.445000+00:00,d630ef7d293f2e0da8df4add763f76010f4f119a,498274,1344722,37.05405280794097,63.27,850768,25.68,188729,734864,0.92,6627,722560,43.09,434011,1007282,mozilla-central/d630ef7d293f2e0da8df4add763f76010f4f119a/all:all.json.zstd,mozilla-central/d630ef7d293f2e0da8df4add763f76010f4f119a/all:gtest.json.zstd,mozilla-central/d630ef7d293f2e0da8df4add763f76010f4f119a/all:cppunittest.json.zstd,mozilla-central/d630ef7d293f2e0da8df4add763f76010f4f119a/all:xpcshell.json.zstd,1,0.8214942606686423,True,
2026-03,2026-03-15T17:41:20.473000+00:00,c88d643b1d753a46526dbee7f44d89212fff48ff,1340094,4997212,26.816833066117667,59.75,2985918,5.56,229568,4130344,0.82,33747,4128600,29.5,1304983,4423580,mozilla-central/c88d643b1d753a46526dbee7f44d89212fff48ff/all:all.json.zstd,mozilla-central/c88d643b1d753a46526dbee7f44d89212fff48ff/all:gtest.json.zstd,mozilla-central/c88d643b1d753a46526dbee7f44d89212fff48ff/all:cppunittest.json.zstd,mozilla-central/c88d643b1d753a46526dbee7f44d89212fff48ff/all:xpcshell.json.zstd,1,0.03112303898593024,True,
2026-04,2026-04-09T08:51:58.694000+00:00,bb7e4d6d24f297c574d5fd71586cc7724a65dc58,1341292,5049441,26.563177983463913,59.21,2989913,3.35,138525,4136038,0.82,33758,4135278,29.73,1317295,4431272,mozilla-central/bb7e4d6d24f297c574d5fd71586cc7724a65dc58/all:all.json.zstd,mozilla-central/bb7e4d6d24f297c574d5fd71586cc7724a65dc58/all:gtest.json.zstd,mozilla-central/bb7e4d6d24f297c574d5fd71586cc7724a65dc58/all:cppunittest.json.zstd,mozilla-central/bb7e4d6d24f297c574d5fd71586cc7724a65dc58/all:xpcshell.json.zstd,1,0.13887340926173042,True,
2026-05,2026-05-15T13:39:54.251000+00:00,e9358a356b31f7db95cfdf055919e34ef43d7e85,781375,2669156,29.274235001625982,58.3,1556083,19.7,365190,1854071,1.53,28264,1841823,29.46,630885,2141268,mozilla-central/e9358a356b31f7db95cfdf055919e34ef43d7e85/all:all.json.zstd,mozilla-central/e9358a356b31f7db95cfdf055919e34ef43d7e85/all:gtest.json.zstd,mozilla-central/e9358a356b31f7db95cfdf055919e34ef43d7e85/all:cppunittest.json.zstd,mozilla-central/e9358a356b31f7db95cfdf055919e34ef43d7e85/all:xpcshell.json.zstd,1,0.11985328565871865,True,
2026-06,2026-06-14T16:09:04.933000+00:00,533aa28a48d84d3d54c3616c333754b4a3ddfcc8,785829,2657218,29.573373355140603,59.03,1568610,20.87,381904,1830091,1.56,28313,1820441,29.54,626531,2121028,mozilla-central/533aa28a48d84d3d54c3616c333754b4a3ddfcc8/all:all.json.zstd,mozilla-central/533aa28a48d84d3d54c3616c333754b4a3ddfcc8/all:gtest.json.zstd,mozilla-central/533aa28a48d84d3d54c3616c333754b4a3ddfcc8/all:cppunittest.json.zstd,mozilla-central/533aa28a48d84d3d54c3616c333754b4a3ddfcc8/all:xpcshell.json.zstd,1,0.06756759054187987,True,
2026-07,2026-07-22T08:11:30.112000+00:00,81e16b8b160978895af87d9470e428747b0f3331,782611,2491724,31.40841441507968,60.9,1517507,22.04,384835,1746133,1.64,28455,1737015,30.6,621372,2030310,mozilla-central/81e16b8b160978895af87d9470e428747b0f3331/all:all.json.zstd,mozilla-central/81e16b8b160978895af87d9470e428747b0f3331/all:gtest.json.zstd,mozilla-central/81e16b8b160978895af87d9470e428747b0f3331/all:cppunittest.json.zstd,mozilla-central/81e16b8b160978895af87d9470e428747b0f3331/all:xpcshell.json.zstd,1,0.17412727930030256,True,
2026-08,2026-08-12T02:38:47.118000+00:00,be1ad74e08cab1c71617c3f54a0b95bc01641eab,786366,2503527,31.41032631163954,59.35,1485918,22.12,387248,1750319,1.65,28714,1741198,30.65,623606,2034480,mozilla-central/be1ad74e08cab1c71617c3f54a0b95bc01641eab/all:all.json.zstd,mozilla-central/be1ad74e08cab1c71617c3f54a0b95bc01641eab/all:gtest.json.zstd,mozilla-central/be1ad74e08cab1c71617c3f54a0b95bc01641eab/all:cppunittest.json.zstd,mozilla-central/be1ad74e08cab1c71617c3f54a0b95bc01641eab/all:xpcshell.json.zstd,1,0.11969689076213401,True,
